id,postId,views,reach,likes,reposts,comments,clicksToLink,system
984,1028,12106,11059,15,1,15,549,vk
983,1027,73931,67822,289,2,38,1559,vk
982,1026,12262,12094,35,0,17,58,vk
981,1025,8636,8296,8,0,0,166,vk
980,1024,12139,12239,19,0,13,403,vk
979,1023,17089,16797,81,1,24,606,vk
978,1022,20939,19930,250,37,20,2,vk
977,1021,27668,25274,89,1,33,1576,vk
976,1020,33805,33685,126,7,6,0,vk
975,1019,19521,18787,45,3,12,0,vk
974,1018,10185,9879,22,0,3,114,vk
973,1017,10730,10032,32,1,2,164,vk
972,1016,17326,16025,89,1,13,585,vk
971,1015,12813,12254,23,1,15,351,vk
970,1014,11730,11157,33,0,6,0,vk
969,1013,9863,8703,35,1,0,429,vk
968,1012,16500,15238,58,0,16,999,vk
967,1011,12378,10489,40,0,10,170,vk
966,1010,12105,11074,13,0,17,268,vk
965,1009,8787,7656,8,0,3,94,vk
964,1008,10418,9975,19,0,8,144,vk
963,1007,8830,7920,11,0,0,301,vk
962,1006,21781,19508,34,1,33,4,vk
961,1005,13546,12822,51,1,19,238,vk
960,1004,14095,13489,36,2,42,265,vk
959,1003,20161,18951,132,3,64,772,vk
958,1002,13453,12171,13,0,61,549,vk
957,1001,9937,9703,4,0,7,49,vk
956,1000,9449,8591,15,0,6,192,vk
955,999,8958,8528,9,0,1,79,vk
954,998,11142,9588,48,1,0,116,vk
953,997,15360,13868,69,1,15,423,vk
952,996,16243,14873,40,0,72,463,vk
951,995,9564,8781,13,1,1,181,vk
950,994,13121,11649,19,1,19,228,vk
949,993,10925,10612,25,0,13,186,vk
948,992,22883,20749,168,4,30,576,vk
947,991,14400,13959,35,2,34,517,vk
946,990,26054,22470,191,9,23,7,vk
945,989,10311,9318,33,0,1,105,vk
944,988,14621,13831,54,0,10,321,vk
943,987,9592,8477,9,0,4,241,vk
942,986,16514,15624,78,1,9,304,vk
941,985,13674,12021,50,1,12,223,vk
940,984,10285,8859,11,0,12,270,vk
939,983,9956,8328,17,0,2,122,vk
938,982,11316,10292,36,0,7,2,vk
937,981,15481,14764,82,3,2,7,vk
936,980,32573,30242,594,69,36,3,vk
935,979,17894,17274,32,1,23,109,vk
934,978,18934,18716,6,0,37,2,vk
933,977,22114,20908,95,2,26,735,vk
932,976,55913,51065,425,40,16,3,vk
931,975,47870,45090,340,9,27,1160,vk
930,974,19354,18230,50,2,11,772,vk
929,973,14198,13745,33,0,4,139,vk
928,972,36886,34763,114,1,46,1046,vk
927,971,44746,42526,138,9,6,4,vk
926,970,9076,8635,21,0,1,17,vk
925,969,35484,33105,165,6,26,1249,vk
924,968,13219,12753,12,0,42,596,vk
923,967,24050,19175,49,2,16,2796,vk
922,966,38901,35801,106,3,47,672,vk
921,965,10900,9881,15,0,20,46,vk
920,964,10305,10321,17,0,3,89,vk
919,963,14959,13686,184,0,14,0,vk
918,962,10331,9669,27,0,5,106,vk
917,961,12228,12452,29,1,22,203,vk
916,960,8852,8599,17,0,4,67,vk
915,959,11051,9843,8,0,13,282,vk
914,958,15304,14511,69,2,16,254,vk
913,957,11841,11831,14,0,5,475,vk
912,956,11548,11461,37,0,6,85,vk
911,955,81856,70350,351,26,56,12,vk
910,954,12790,12567,33,1,15,355,vk
909,953,16322,15532,97,2,34,628,vk
908,952,10734,9571,28,1,12,112,vk
907,951,8995,8199,10,0,3,149,vk
906,950,9061,8884,9,0,3,117,vk
905,949,11338,11364,43,0,5,238,vk
904,948,10961,10128,30,0,3,125,vk
903,947,10699,9705,36,2,9,1,vk
902,946,12024,11992,29,0,20,423,vk
901,945,10929,10629,39,0,6,166,vk
900,944,11789,11392,17,3,15,558,vk
899,943,9664,9354,15,0,8,140,vk
898,942,13777,14402,14,0,31,76,vk
897,941,10924,10101,15,1,23,233,vk
896,940,14086,13362,37,1,70,585,vk
895,939,11521,10663,34,0,7,308,vk
894,938,15400,14452,42,4,38,694,vk
893,937,14290,13870,22,1,13,2,vk
892,936,10326,10174,7,0,29,246,vk
891,935,16479,16201,70,1,23,248,vk
890,934,12058,10846,29,0,7,160,vk
889,933,29850,26643,120,2,22,2,vk
888,932,10710,10187,14,0,11,311,vk
887,931,9433,9095,6,0,1,200,vk
886,930,27102,23832,80,2,36,1166,vk
885,929,15194,14979,52,0,22,76,vk
884,928,10710,9869,16,1,2,160,vk
883,927,14813,13377,27,0,0,256,vk
882,926,47516,42767,79,0,105,1114,vk
881,925,17935,16487,47,0,24,1002,vk
880,924,13352,12099,25,2,0,1,vk
879,923,180365,174124,812,5,134,25,vk
878,922,93103,87273,370,37,18,5,vk
877,921,12627,11705,23,1,0,100,vk
876,920,11738,11081,19,0,4,423,vk
875,919,11810,11147,17,0,5,172,vk
874,918,16481,17045,53,1,12,248,vk
873,917,16967,16039,23,2,11,434,vk
872,916,14217,13524,24,1,42,221,vk
871,915,39928,37530,100,2,55,1,vk
870,914,13424,12425,16,1,16,268,vk
869,913,23871,22869,99,0,56,194,vk
868,912,12193,11702,22,0,5,186,vk
867,911,16317,15620,55,0,10,243,vk
866,910,19514,19190,43,0,43,219,vk
865,909,24998,22292,42,0,63,4,vk
864,908,14791,13944,19,0,6,509,vk
863,907,14840,14617,34,0,21,248,vk
862,906,16556,15860,79,1,24,120,vk
861,905,12634,10982,26,0,6,291,vk
860,904,26621,22879,42,0,27,53,vk
859,903,39112,33839,47,1,37,162,vk
858,902,13425,11325,26,0,5,89,vk
857,901,44486,38912,96,8,16,4,vk
856,900,13642,13221,24,0,11,162,vk
855,899,14265,14626,42,0,18,158,vk
854,898,21693,22267,35,1,41,429,vk
853,897,17339,15916,22,0,4,179,vk
852,896,12219,10871,13,1,4,332,vk
851,895,23337,23562,43,3,49,394,vk
850,894,39520,36083,239,7,52,596,vk
849,893,19193,18540,42,0,40,736,vk
848,892,24791,21966,55,0,18,103,vk
847,891,13372,12335,42,2,0,214,vk
846,890,38367,36436,153,1,34,495,vk
845,889,16996,17147,59,0,13,606,vk
844,888,10396,9967,12,0,0,71,vk
843,887,81854,75282,282,23,14,9,vk
842,886,12647,11433,18,1,0,51,vk
841,885,31535,29794,88,0,78,1620,vk
840,884,11060,10572,16,1,4,160,vk
839,883,56880,51487,319,7,112,670,vk
838,882,12869,12460,21,0,4,254,vk
837,881,19125,18208,52,3,72,540,vk
836,880,21200,20275,268,15,15,3,vk
835,879,14538,13743,65,1,23,475,vk
834,878,15862,15332,54,0,19,558,vk
833,877,9414,8649,14,0,1,130,vk
832,876,13379,12298,35,0,3,116,vk
831,875,11507,10757,20,1,4,106,vk
830,874,14210,13304,64,1,14,108,vk
829,873,41474,38137,233,4,45,509,vk
828,872,15169,13382,151,4,3,5,vk
827,871,18719,17408,52,3,41,328,vk
826,870,14897,13087,60,1,23,645,vk
825,869,19532,16576,64,0,43,902,vk
824,868,12487,11253,39,3,6,389,vk
823,867,15614,13464,118,0,7,156,vk
822,866,15512,14217,65,2,8,642,vk
821,865,14958,14644,148,6,6,1,vk
820,864,18188,19290,146,2,11,233,vk
819,863,18665,18934,36,1,36,403,vk
818,862,14855,14069,40,1,19,74,vk
817,861,9633,9061,25,0,2,270,vk
816,860,12367,11414,46,0,10,332,vk
815,859,9336,8259,31,0,2,102,vk
814,858,9020,8596,25,0,1,127,vk
813,857,16502,14612,57,4,9,1,vk
812,856,12779,12647,27,0,11,207,vk
811,855,12390,11896,55,0,3,102,vk
810,854,48481,43909,139,4,162,1500,vk
809,853,26620,23538,107,1,96,363,vk
808,852,16886,15767,48,1,3,463,vk
807,851,21972,19527,51,0,13,233,vk
806,850,15856,15069,47,0,14,251,vk
805,849,84114,75105,87,1,125,517,vk
804,848,31556,29191,90,4,5,2,vk
803,847,15306,15476,146,9,7,1,vk
802,846,16248,16892,94,2,15,558,vk
801,845,14982,14296,99,2,6,170,vk
800,844,15577,15141,52,1,19,164,vk
799,843,12070,12120,24,1,11,158,vk
798,842,18605,19083,76,1,16,5,vk
797,841,9428,9270,14,0,4,106,vk
796,840,65703,60225,131,6,41,1639,vk
795,839,9074,8569,20,1,1,132,vk
794,838,10626,9909,29,0,1,355,vk
793,837,10158,9747,16,0,0,119,vk
792,836,8667,8370,9,0,0,83,vk
791,835,10503,10016,8,0,25,153,vk
790,834,19189,19400,78,2,32,883,vk
789,833,20685,19465,70,0,17,216,vk
788,832,40516,37380,181,4,3,2,vk
787,831,16885,15303,60,1,32,184,vk
786,830,23101,21711,95,2,64,729,vk
785,829,16646,16299,34,0,38,567,vk
784,828,12388,11848,50,0,13,259,vk
783,827,10588,10762,19,0,3,175,vk
782,826,12172,10610,33,1,7,371,vk
781,825,11894,11417,32,0,3,135,vk
780,824,17107,15709,14,0,9,53,vk
779,823,11026,10591,16,0,6,173,vk
778,822,16584,14934,34,1,7,517,vk
777,821,15363,14971,35,0,13,576,vk
776,820,13817,12986,33,3,23,558,vk
775,819,18176,18652,46,0,52,359,vk
774,818,11854,10042,36,1,7,288,vk
773,817,57972,54474,248,5,43,1,vk
772,816,15153,14163,41,5,12,186,vk
771,815,22567,20452,35,1,39,156,vk
770,814,12717,12632,35,0,7,259,vk
769,813,14766,14630,45,0,50,233,vk
768,812,13644,13167,38,1,17,339,vk
767,811,10099,9375,19,1,0,314,vk
766,810,10722,10020,31,0,2,102,vk
765,809,13540,12966,64,5,13,99,vk
764,808,12775,12253,44,0,18,389,vk
763,807,11437,9851,41,4,5,291,vk
762,806,11959,10212,14,0,2,78,vk
761,805,13419,11698,20,1,2,0,vk
760,804,12623,11364,21,0,3,0,vk
759,803,14808,13600,48,1,22,228,vk
758,802,14866,13607,30,0,29,301,vk
757,801,15297,14198,60,2,8,192,vk
756,800,14874,14328,55,1,26,641,vk
755,799,12772,11236,41,0,4,216,vk
754,798,30123,28113,146,7,38,439,vk
753,797,16995,16202,55,1,16,279,vk
752,796,45625,42103,46,2,31,2410,vk
751,795,16332,14809,9,0,33,998,vk
750,794,18148,17224,5,0,140,10,vk
749,793,11476,10775,9,0,3,74,vk
748,792,12118,10632,20,0,2,268,vk
747,791,72813,69353,202,15,22,1,vk
746,790,31498,28222,116,4,73,1432,vk
745,789,12891,12145,25,1,3,133,vk
744,788,26147,22949,123,1,19,509,vk
743,787,11071,10314,11,0,1,336,vk
742,786,14289,13348,26,1,6,285,vk
741,785,32977,33194,57,3,9,1,vk
740,784,14617,14458,31,0,19,175,vk
739,783,54019,47964,290,8,29,336,vk
738,782,13329,12736,30,1,11,308,vk
737,781,23211,22464,94,3,36,451,vk
736,780,17647,16652,37,2,43,153,vk
735,779,10462,9373,19,1,2,109,vk
734,778,11412,10257,16,0,7,166,vk
733,777,20203,19103,58,0,8,3,vk
732,776,11985,12639,47,0,7,223,vk
731,775,10970,10989,9,1,6,328,vk
730,774,10319,9490,20,0,1,135,vk
729,773,8943,8420,8,1,1,57,vk
728,772,12710,11853,31,0,21,243,vk
727,771,9527,8695,16,0,1,256,vk
726,770,12499,11929,18,0,20,276,vk
725,769,17015,15012,61,2,4,1,vk
724,768,27264,27100,218,10,32,228,vk
723,767,9667,8981,22,0,2,59,vk
722,766,8948,8226,13,1,3,339,vk
721,765,19633,21049,45,4,76,336,vk
720,764,14656,13053,61,3,7,363,vk
719,763,9169,7858,12,0,2,205,vk
718,762,12737,11878,51,0,6,4,vk
717,761,23625,23345,54,1,36,1137,vk
716,760,12090,11481,26,0,31,188,vk
715,759,11264,10406,18,0,3,524,vk
714,758,13606,12932,25,0,17,332,vk
713,757,11724,11053,24,0,4,524,vk
712,756,8732,7990,13,0,0,61,vk
711,755,16178,13645,72,1,3,125,vk
710,754,14592,12965,30,0,15,318,vk
709,753,15043,12670,54,2,22,1,vk
708,752,64147,53090,122,5,28,1935,vk
707,751,143194,140332,272,6,94,558,vk
706,750,13020,11968,24,2,8,251,vk
705,749,20884,19916,82,0,28,736,vk
704,748,10926,10753,27,0,1,144,vk
703,747,19311,18764,45,0,15,4,vk
702,746,13632,13100,11,0,50,6,vk
701,745,14504,13674,46,1,4,219,vk
700,744,37739,37213,140,0,173,945,vk
699,743,13447,11925,31,0,10,75,vk
698,742,11808,10946,19,0,16,56,vk
697,741,18777,17857,114,1,14,332,vk
696,740,14807,13688,34,6,11,200,vk
695,739,16954,16847,82,1,24,3,vk
694,738,13221,11815,35,0,16,103,vk
693,737,12510,12066,13,0,4,160,vk
692,736,10739,10224,19,0,2,241,vk
691,735,12925,12671,14,0,15,832,vk
690,734,9836,8578,7,1,6,359,vk
689,733,12975,12155,40,1,1,164,vk
688,732,31237,29950,264,9,56,694,vk
687,731,26855,25774,74,2,23,3,vk
686,730,15630,15142,88,2,15,398,vk
685,729,27740,26383,17,1,255,321,vk
684,728,19367,17992,55,1,41,413,vk
683,727,15463,15174,32,0,25,132,vk
682,726,23775,23995,211,5,7,318,vk
681,725,27170,25621,184,3,48,976,vk
680,724,13952,13452,65,0,12,367,vk
679,723,16462,15563,37,1,48,173,vk
678,722,13391,12439,29,2,21,359,vk
677,721,11304,11047,18,0,4,142,vk
676,720,12285,10725,59,0,9,177,vk
675,719,11980,11320,22,0,0,122,vk
674,718,14539,13603,18,0,29,181,vk
673,717,20362,19078,140,2,13,524,vk
672,716,84604,71342,527,24,27,2,vk
671,715,11385,10920,35,0,10,139,vk
670,714,11308,10007,34,0,2,184,vk
669,713,11559,11566,32,0,19,380,vk
668,712,24426,22301,52,2,49,495,vk
667,711,11493,10866,15,0,8,380,vk
666,710,14762,13717,51,1,9,238,vk
665,381,13295,11959,64,2,0,103,vk
664,380,112615,106466,543,18,85,3,vk
663,379,16386,15263,70,1,30,128,vk
662,378,12040,11979,33,1,7,298,vk
661,377,13254,12849,21,1,11,251,vk
660,376,45029,42894,220,7,7,1,vk
659,375,14999,15267,37,0,30,463,vk
658,374,16701,16351,58,1,19,398,vk
657,373,10619,9976,27,0,0,146,vk
656,372,27265,26379,195,4,17,695,vk
655,371,18621,18578,33,2,41,308,vk
654,370,24954,21340,73,6,7,2,vk
653,369,13388,12518,35,3,20,743,vk
652,368,12381,11335,17,0,25,85,vk
651,367,11117,10368,26,0,11,207,vk
650,366,11500,11881,41,0,0,826,vk
649,365,9993,10394,21,0,7,162,vk
648,364,15375,15524,47,0,18,359,vk
647,363,23290,21160,65,7,20,4,vk
646,362,12971,12296,61,1,3,125,vk
645,361,11054,9953,31,0,5,463,vk
644,360,9803,9380,29,1,4,155,vk
643,359,9209,7992,9,0,3,221,vk
642,358,13039,12758,14,0,25,188,vk
641,357,11655,11385,10,1,12,190,vk
640,356,16185,14279,121,0,7,429,vk
639,355,23605,22277,158,5,58,3,vk
638,354,15334,14182,15,0,29,1002,vk
637,353,10630,10096,11,0,3,238,vk
636,352,14156,12803,24,0,20,268,vk
635,351,13320,13010,25,0,25,558,vk
634,350,10025,8425,13,0,13,137,vk
633,349,34886,33641,224,0,44,321,vk
632,348,23643,22571,114,2,19,509,vk
631,347,16435,15661,44,1,30,351,vk
630,346,15067,14851,64,4,34,423,vk
629,345,12986,12321,37,0,18,434,vk
628,344,11519,10784,24,0,15,285,vk
627,343,11935,11176,59,0,3,74,vk
626,342,12857,11614,35,0,18,376,vk
625,341,10902,9550,19,1,11,311,vk
624,340,9775,8900,5,0,3,90,vk
623,339,41215,34865,250,11,45,1315,vk
622,338,17179,16027,57,1,14,3,vk
621,337,11712,12162,25,0,0,172,vk
620,336,15090,15039,50,0,20,385,vk
619,335,12823,12556,24,2,12,647,vk
618,334,11887,10749,30,1,7,188,vk
617,333,11709,10639,18,0,2,336,vk
616,332,15733,14125,49,1,13,524,vk
615,331,20871,19373,95,2,18,332,vk
614,330,20663,18997,162,7,23,5,vk
613,329,30639,29719,134,2,24,558,vk
612,328,20535,18935,45,0,18,488,vk
611,327,20179,19189,38,0,33,666,vk
610,326,15509,15030,47,0,4,96,vk
609,325,12407,12166,23,1,3,158,vk
608,324,29098,27927,196,4,6,1,vk
607,323,14483,13648,22,0,18,495,vk
606,322,13201,13023,34,0,13,268,vk
605,321,20796,21039,69,0,20,439,vk
604,320,12536,11729,15,0,2,343,vk
603,319,16825,16539,25,1,28,132,vk
602,318,14711,14088,35,0,16,105,vk
601,317,47143,47457,143,9,3,0,vk
600,316,42745,37655,47,0,18,585,vk
599,315,15338,14730,52,0,28,130,vk
598,314,15196,14829,31,0,10,158,vk
597,313,10582,10253,18,0,5,205,vk
596,312,15759,14607,15,0,35,71,vk
595,311,18706,18589,67,0,10,576,vk
594,310,15853,14710,34,0,11,209,vk
593,309,19284,17315,79,1,12,188,vk
592,308,18807,16574,50,1,13,243,vk
591,307,18277,16176,47,0,13,151,vk
590,306,105732,98116,277,4,116,203,vk
589,305,29111,28849,122,0,18,457,vk
588,304,19874,18442,36,1,26,301,vk
587,303,33863,34016,86,2,48,238,vk
586,302,19411,18333,50,1,40,256,vk
585,301,18284,18267,50,1,11,192,vk
584,300,33387,33102,171,0,57,606,vk
583,299,12668,11982,33,0,6,256,vk
582,298,17444,17104,89,3,8,119,vk
581,297,10513,9844,24,0,0,25,vk
580,296,45403,44634,216,10,25,4,vk
579,295,20786,20219,57,0,16,325,vk
578,294,12140,11068,20,0,9,184,vk
577,293,17403,16122,53,0,13,160,vk
576,292,49926,46772,71,6,205,879,vk
575,291,9537,7640,28,1,0,394,vk
574,290,12207,10452,28,2,2,451,vk
573,289,48180,51529,151,3,4,1,vk
572,288,13559,13236,30,0,4,142,vk
571,287,13811,12612,28,0,30,648,vk
570,286,9416,8735,27,0,4,238,vk
569,285,18207,18438,109,2,14,106,vk
568,284,16253,15961,85,0,16,413,vk
567,283,10291,9065,16,2,2,339,vk
566,282,40264,39385,75,4,54,288,vk
565,281,10494,9153,20,0,5,3,vk
564,280,14762,12755,63,1,12,241,vk
563,279,16990,16216,46,0,62,445,vk
562,278,14500,12646,44,2,12,758,vk
561,277,16170,15422,38,0,12,838,vk
560,276,13573,12024,37,0,8,668,vk
559,275,13045,12031,47,1,6,188,vk
558,274,53010,52378,131,0,17,351,vk
557,273,13671,13730,34,1,0,288,vk
556,272,24724,24525,81,0,16,715,vk
555,271,15743,15719,36,0,11,119,vk
554,270,10803,10283,17,0,4,111,vk
553,269,15868,15796,39,0,13,200,vk
552,268,13256,13234,17,0,1,68,vk
551,267,13050,13270,15,0,7,127,vk
550,266,13528,12714,46,3,2,142,vk
549,265,13828,12858,28,0,8,45,vk
548,264,14881,13727,22,0,6,398,vk
547,263,15334,14923,37,0,4,200,vk
546,262,57526,53528,143,2,8,596,vk
545,261,15666,14851,34,0,19,276,vk
544,260,12823,12893,36,2,4,147,vk
543,259,29891,30526,251,12,20,567,vk
542,258,58434,52853,159,3,34,168,vk
541,257,33443,31022,108,1,1,144,vk
540,256,13906,12252,14,0,4,259,vk
539,255,18992,17309,43,1,4,304,vk
538,254,67013,58916,169,9,33,558,vk
537,253,15925,15044,51,3,17,125,vk
536,252,9384,8769,8,0,0,219,vk
535,251,20255,20193,123,2,23,413,vk
534,250,13115,11860,34,2,7,56,vk
533,249,10489,9706,19,0,5,58,vk
532,248,13725,12909,24,0,8,164,vk
531,247,16592,14776,23,0,23,343,vk
530,246,13407,12946,13,0,15,120,vk
529,245,14507,13172,23,0,14,332,vk
528,244,9295,9405,11,1,3,241,vk
527,243,11287,10836,16,0,10,325,vk
526,242,10075,9798,22,0,2,85,vk
525,241,10986,11134,29,1,0,209,vk
524,240,88242,85155,199,3,40,314,vk
523,239,840247,868543,717,19,37,1326,vk
522,238,16423,15306,32,3,34,418,vk
521,237,15159,15564,34,1,29,540,vk
520,236,11184,10077,23,0,1,576,vk
519,235,28176,27234,85,0,28,684,vk
518,234,26091,24874,51,2,42,328,vk
517,233,11483,11180,15,0,0,301,vk
516,232,15733,14066,25,0,7,251,vk
515,231,15227,14599,16,0,11,325,vk
514,230,47374,49566,20,0,35,359,vk
513,229,16715,16573,40,1,5,238,vk
512,228,14359,13182,21,1,12,756,vk
511,227,17386,16482,41,1,19,144,vk
510,226,14073,12170,18,2,5,908,vk
509,225,23372,23753,96,2,27,241,vk
508,224,18573,17800,38,3,15,270,vk
507,223,18290,17021,20,1,13,576,vk
506,222,12656,10959,18,0,0,285,vk
505,221,38353,37651,56,0,11,482,vk
504,220,17750,15649,46,0,35,3,vk
503,219,14111,13529,20,1,18,1,vk
502,218,13854,12873,30,1,9,2,vk
501,217,13405,11466,14,1,23,186,vk
500,216,53318,52050,281,24,4,179,vk
499,215,37961,38687,132,0,36,721,vk
498,214,9871,8977,40,1,4,38,vk
497,213,14425,13980,52,0,10,1,vk
496,212,23770,21633,66,2,20,576,vk
495,211,15942,15143,38,2,9,10,vk
494,210,10987,9598,19,1,0,4,vk
493,209,9973,9251,26,1,10,15,vk
492,208,15622,14333,33,1,24,85,vk
491,207,12959,12329,31,0,15,3,vk
490,206,14201,12641,48,2,2,142,vk
489,205,16087,15580,37,2,35,2,vk
488,204,11252,9821,20,0,26,12,vk
487,203,31416,27657,69,1,58,4,vk
486,202,15503,14831,39,3,20,2,vk
485,201,40915,38883,84,3,63,540,vk
484,200,11570,11162,18,3,18,2,vk
483,199,20644,19277,129,1,27,1,vk
482,198,30813,29146,83,3,26,190,vk
481,197,29932,31410,277,5,14,4,vk
480,196,10452,9575,33,3,1,2,vk
479,195,27516,25260,76,4,27,367,vk
478,194,15005,13595,39,3,7,2,vk
477,193,8465,7995,18,3,5,11,vk
476,192,11981,12412,43,0,6,140,vk
475,191,12248,10529,13,0,27,2,vk
474,190,16947,15436,47,2,29,288,vk
473,189,328449,320247,1072,52,75,12,vk
472,188,13680,13287,65,1,4,3,vk
471,187,22272,21585,77,2,9,830,vk
470,186,9201,8571,17,0,3,9,vk
469,185,22641,21663,107,5,43,7,vk
468,184,28258,28866,114,2,23,236,vk
467,183,15694,14509,33,1,25,4,vk
466,182,21403,19497,192,16,22,2,vk
465,181,23767,21075,104,1,17,233,vk
464,180,23331,20830,174,3,12,18,vk
463,179,8555,7540,13,1,0,114,vk
462,178,8336,7628,14,2,6,4,vk
461,177,9438,8738,19,4,8,57,vk
460,176,8623,8225,15,0,0,140,vk
459,175,9386,9012,19,0,5,238,vk
458,174,6969,6153,25,1,5,22,vk
457,173,14080,12911,18,0,43,9,vk
7165,7339,596,449,1,NULL,NULL,18,fb
7164,7338,303,233,NULL,NULL,NULL,1,fb
7163,7337,440,347,2,NULL,NULL,13,fb
7162,7336,354,269,3,NULL,NULL,10,fb
7161,7335,454,353,NULL,NULL,NULL,11,fb
7160,7334,377,298,3,NULL,NULL,11,fb
7159,7333,444,348,2,NULL,NULL,14,fb
7158,7332,504,371,8,NULL,NULL,8,fb
7157,7331,388,279,NULL,NULL,NULL,5,fb
7156,7330,365,284,NULL,NULL,NULL,6,fb
7155,7329,1252,834,14,2,5,12,fb
7154,7328,616,486,4,NULL,NULL,22,fb
7153,7327,786,572,6,NULL,1,23,fb
7152,7326,955,685,19,NULL,1,16,fb
7151,7325,798,581,11,1,4,17,fb
7150,7324,573,431,6,NULL,NULL,11,fb
7149,7323,1163,831,25,2,4,46,fb
7148,7322,662,495,11,NULL,2,20,fb
7147,7321,594,451,10,NULL,2,7,fb
7146,7320,368,277,4,1,NULL,3,fb
7145,7319,1012,733,12,3,NULL,NULL,fb
7144,7318,628,456,9,NULL,2,22,fb
7143,7317,416,312,3,NULL,NULL,4,fb
7142,7316,398,317,8,NULL,NULL,5,fb
7141,7315,1032,744,8,2,6,55,fb
7140,7314,535,412,1,NULL,NULL,22,fb
7139,7313,472,362,3,NULL,NULL,15,fb
7138,7312,632,492,13,1,NULL,NULL,fb
7137,7311,325,242,4,NULL,NULL,2,fb
7136,7310,430,328,1,NULL,NULL,14,fb
7135,7309,402,306,NULL,NULL,NULL,11,fb
7134,7308,531,395,11,NULL,1,6,fb
7133,7307,442,341,8,NULL,NULL,13,fb
7132,7306,525,391,NULL,NULL,NULL,26,fb
7131,7305,805,609,9,2,2,7,fb
7130,7304,478,361,2,NULL,NULL,NULL,fb
7129,7303,439,338,7,NULL,NULL,9,fb
7128,7302,658,494,10,1,NULL,26,fb
7127,7301,553,415,NULL,NULL,NULL,31,fb
7126,7300,718,525,4,NULL,NULL,46,fb
7125,7299,585,446,4,NULL,NULL,33,fb
7124,7298,500,380,7,1,NULL,18,fb
7123,7297,737,544,11,2,NULL,8,fb
7122,7296,371,283,NULL,NULL,NULL,8,fb
7121,7295,889,627,10,NULL,1,54,fb
7120,7294,505,366,2,NULL,NULL,13,fb
7119,7293,269,209,NULL,NULL,NULL,2,fb
7118,7292,477,369,6,NULL,NULL,12,fb
7117,7291,321,242,1,NULL,NULL,3,fb
7116,7290,350,269,NULL,NULL,NULL,1,fb
7115,7289,390,303,4,NULL,1,4,fb
7114,7288,318,251,1,NULL,NULL,NULL,fb
7113,7287,694,527,6,NULL,NULL,40,fb
7112,7286,489,371,1,NULL,NULL,15,fb
7111,7285,692,537,11,NULL,NULL,32,fb
7110,7284,576,438,5,NULL,NULL,23,fb
7109,7283,343,261,1,NULL,NULL,4,fb
7108,7282,714,539,14,1,NULL,23,fb
7107,7281,535,407,14,1,NULL,2,fb
7106,7280,365,281,4,NULL,1,3,fb
7105,7279,371,285,1,NULL,NULL,13,fb
7104,7278,530,417,5,NULL,NULL,31,fb
7103,7277,532,390,7,NULL,2,12,fb
7102,7276,298,237,1,NULL,NULL,2,fb
7101,7275,393,298,NULL,NULL,NULL,13,fb
7100,7274,259,197,NULL,NULL,NULL,4,fb
7099,7273,341,251,5,NULL,NULL,3,fb
7098,7272,323,241,2,NULL,NULL,4,fb
7097,7271,334,255,1,NULL,NULL,7,fb
7096,7270,536,411,2,1,2,19,fb
7095,7269,458,347,4,NULL,NULL,22,fb
7094,7268,309,245,2,NULL,NULL,5,fb
7093,7267,889,632,7,NULL,NULL,58,fb
7092,7266,308,237,2,NULL,NULL,1,fb
7091,7265,292,218,2,NULL,NULL,5,fb
7090,7264,380,296,1,NULL,1,6,fb
7089,7263,557,415,3,1,NULL,38,fb
7088,7262,493,373,7,NULL,NULL,16,fb
7087,7261,508,411,4,NULL,NULL,31,fb
7086,7260,636,494,3,NULL,NULL,46,fb
7085,7259,896,662,5,NULL,5,42,fb
7084,7258,814,601,6,1,4,12,fb
7083,7257,533,418,2,NULL,NULL,40,fb
7082,7256,352,271,NULL,NULL,NULL,14,fb
7081,7255,377,291,2,NULL,NULL,10,fb
7080,7254,503,366,3,1,1,10,fb
7079,7253,408,326,6,1,NULL,9,fb
7078,7252,720,530,3,NULL,1,68,fb
7077,7251,692,478,7,3,NULL,15,fb
7076,7250,891,643,NULL,NULL,NULL,115,fb
7075,7249,554,423,6,NULL,1,15,fb
7074,7248,535,392,4,NULL,NULL,15,fb
7073,7247,421,327,1,NULL,NULL,14,fb
7072,7246,461,350,NULL,NULL,NULL,21,fb
7071,7245,557,408,2,NULL,NULL,27,fb
7070,7244,534,413,7,NULL,2,14,fb
7069,7243,711,509,3,NULL,NULL,17,fb
7068,7242,366,285,4,NULL,NULL,6,fb
7067,7241,666,512,5,NULL,NULL,35,fb
7066,7240,568,440,7,NULL,NULL,43,fb
7065,7239,919,696,25,1,NULL,48,fb
7064,7238,462,366,3,NULL,NULL,18,fb
7063,7237,558,439,12,1,NULL,10,fb
7062,7236,871,662,25,NULL,4,34,fb
7061,7235,373,294,2,NULL,NULL,7,fb
7060,7234,361,286,3,NULL,NULL,7,fb
7059,7233,583,448,4,1,NULL,25,fb
7058,7232,749,567,5,NULL,4,NULL,fb
7057,7231,749,567,5,NULL,4,NULL,fb
7056,7230,261,201,1,NULL,NULL,NULL,fb
7055,7229,706,517,15,3,NULL,NULL,fb
7054,7228,436,352,5,NULL,1,13,fb
7053,7227,462,348,2,NULL,NULL,16,fb
7052,7226,956,700,9,2,2,10,fb
7051,7225,466,349,10,NULL,1,NULL,fb
7050,7224,406,299,6,NULL,1,NULL,fb
7049,7223,824,604,9,2,NULL,NULL,fb
7048,7222,994,737,13,1,2,26,fb
7047,7221,506,368,7,1,NULL,NULL,fb
7046,7220,526,384,2,NULL,NULL,11,fb
7045,7219,569,425,9,NULL,1,8,fb
7044,7218,771,563,8,NULL,2,16,fb
7043,7217,512,375,NULL,NULL,NULL,17,fb
7042,7216,626,464,6,NULL,NULL,NULL,fb
7041,7215,318,258,2,NULL,NULL,1,fb
7040,7214,1243,866,8,3,7,70,fb
7039,7213,315,246,NULL,NULL,NULL,7,fb
7038,7212,434,349,NULL,NULL,NULL,10,fb
7037,7211,342,252,1,NULL,NULL,8,fb
7036,7210,300,219,NULL,NULL,NULL,4,fb
7035,7209,1030,743,7,1,5,45,fb
7034,7208,364,272,NULL,NULL,NULL,1,fb
7033,7207,545,418,7,3,NULL,NULL,fb
7032,7206,843,634,5,3,2,19,fb
7031,7205,621,468,2,1,NULL,27,fb
7030,7204,783,588,3,NULL,1,46,fb
7029,7203,408,319,5,NULL,NULL,12,fb
7028,7202,335,263,1,NULL,NULL,4,fb
7027,7201,630,483,5,NULL,NULL,23,fb
7026,7200,462,356,4,1,NULL,5,fb
7025,7199,236,179,2,NULL,NULL,NULL,fb
7024,7198,351,268,1,NULL,NULL,8,fb
7023,7197,541,401,3,NULL,NULL,21,fb
7022,7196,674,515,6,NULL,NULL,43,fb
7021,7195,901,654,11,NULL,1,52,fb
7020,7194,587,450,5,1,2,26,fb
7019,7193,516,398,4,1,NULL,20,fb
7018,7192,1025,772,18,2,6,NULL,fb
7017,7191,402,309,7,1,NULL,11,fb
7016,7190,297,229,NULL,NULL,1,NULL,fb
7015,7189,513,395,3,2,1,15,fb
7014,7188,495,386,4,NULL,1,14,fb
7013,7187,496,403,1,1,NULL,21,fb
7012,7186,639,486,2,NULL,NULL,37,fb
7011,7185,151,126,1,NULL,NULL,NULL,fb
7010,7184,458,350,4,1,NULL,10,fb
7009,7183,571,439,5,NULL,NULL,19,fb
7008,7182,551,439,2,NULL,NULL,30,fb
7007,7181,338,258,2,NULL,NULL,5,fb
7006,7180,597,466,2,1,NULL,NULL,fb
7005,7179,404,315,6,1,NULL,7,fb
7004,7178,326,268,2,NULL,NULL,5,fb
7003,7177,420,329,6,NULL,1,7,fb
7002,7176,658,494,2,NULL,1,31,fb
7001,7175,403,323,1,NULL,NULL,15,fb
7000,7174,429,335,6,NULL,NULL,9,fb
6999,7173,508,378,4,NULL,NULL,16,fb
6998,7172,966,714,5,NULL,1,83,fb
6997,7171,800,580,2,NULL,NULL,62,fb
6996,7170,422,315,1,NULL,NULL,6,fb
6995,7169,358,280,1,NULL,NULL,5,fb
6994,7168,6350,4946,2,3,1,NULL,fb
6993,7167,747,559,4,NULL,NULL,40,fb
6992,7166,314,245,1,NULL,NULL,4,fb
6991,7165,341,263,1,NULL,NULL,2,fb
6990,7164,528,407,NULL,NULL,NULL,16,fb
6989,7163,434,316,1,NULL,NULL,14,fb
6988,7162,750,569,6,6,NULL,NULL,fb
6987,7161,421,312,2,NULL,NULL,8,fb
6986,7160,636,495,11,1,1,15,fb
6985,7159,386,313,1,NULL,NULL,13,fb
6984,7158,1067,801,17,NULL,4,67,fb
6983,7157,529,397,4,NULL,NULL,13,fb
6982,7156,340,273,3,2,NULL,6,fb
6981,7155,316,250,2,NULL,NULL,7,fb
6980,7154,602,468,5,1,2,NULL,fb
6979,7153,442,341,5,1,NULL,10,fb
6978,7152,673,494,NULL,NULL,NULL,59,fb
6977,7151,322,258,2,NULL,NULL,8,fb
6976,7150,454,344,1,NULL,NULL,14,fb
6975,7149,314,246,NULL,NULL,NULL,6,fb
6974,7148,652,460,5,NULL,NULL,35,fb
6973,7147,515,389,4,1,NULL,NULL,fb
6972,7146,591,404,6,5,1,4,fb
6971,7145,393,310,3,NULL,NULL,6,fb
6970,7144,860,627,2,NULL,NULL,47,fb
6969,7143,519,384,4,1,NULL,9,fb
6968,7142,384,303,5,NULL,NULL,10,fb
6967,7141,628,479,3,NULL,NULL,44,fb
6966,7140,810,619,4,1,3,NULL,fb
6965,7139,876,640,5,NULL,1,68,fb
6964,7138,330,268,1,NULL,NULL,3,fb
6963,7137,648,497,3,NULL,NULL,38,fb
6962,7136,424,333,1,NULL,NULL,20,fb
6961,7135,614,493,1,NULL,1,38,fb
6960,7134,261,204,NULL,NULL,NULL,1,fb
6959,7133,322,244,2,1,NULL,3,fb
6958,7132,511,390,4,NULL,2,17,fb
6957,7131,926,675,9,1,2,NULL,fb
6956,7130,662,490,3,NULL,NULL,27,fb
6955,7129,649,469,1,NULL,2,5,fb
6954,7128,790,616,4,2,NULL,26,fb
6953,7127,860,617,10,NULL,1,55,fb
6952,7126,226,185,1,NULL,NULL,NULL,fb
6951,7125,536,393,1,NULL,2,NULL,fb
6950,7124,608,471,5,NULL,NULL,30,fb
6949,7123,706,512,5,NULL,NULL,30,fb
6948,7122,357,276,1,NULL,NULL,5,fb
6947,7121,378,292,6,NULL,NULL,5,fb
6946,7120,382,306,8,NULL,NULL,6,fb
6945,7119,436,353,4,NULL,NULL,10,fb
6944,7118,850,647,9,3,1,NULL,fb
6943,7117,611,473,7,NULL,NULL,23,fb
6942,7116,356,288,2,NULL,NULL,6,fb
6941,7115,451,355,1,NULL,1,16,fb
6940,7114,478,369,NULL,NULL,NULL,21,fb
6939,7113,540,413,NULL,NULL,NULL,25,fb
6938,7112,443,343,5,NULL,NULL,19,fb
6937,7111,951,700,20,3,1,41,fb
6936,7110,576,420,1,NULL,NULL,NULL,fb
6935,7109,455,355,7,NULL,NULL,20,fb
6934,7108,497,381,3,NULL,3,7,fb
6933,7107,1220,890,8,2,2,37,fb
6932,7106,323,252,2,NULL,NULL,5,fb
6931,7105,685,520,18,NULL,NULL,24,fb
6930,7104,510,411,5,NULL,NULL,21,fb
6929,7103,618,461,6,3,NULL,27,fb
6928,7102,398,292,NULL,NULL,2,9,fb
6927,7101,763,564,1,NULL,NULL,55,fb
6926,7100,437,337,2,NULL,1,16,fb
6925,7099,406,310,4,NULL,NULL,9,fb
6924,7098,447,326,5,NULL,1,9,fb
6923,7097,580,413,4,NULL,4,7,fb
6922,7096,287,226,2,NULL,NULL,4,fb
6921,7095,1057,766,22,5,1,NULL,fb
6920,7094,449,343,5,NULL,NULL,12,fb
6919,7093,437,330,1,NULL,NULL,16,fb
6918,7092,719,540,5,NULL,NULL,53,fb
6917,7091,741,559,2,NULL,3,35,fb
6916,7090,439,353,2,NULL,NULL,16,fb
6915,7089,461,359,1,NULL,NULL,17,fb
6914,7088,275,226,1,NULL,NULL,2,fb
6913,7087,576,423,6,1,NULL,NULL,fb
6912,7086,431,331,5,NULL,NULL,6,fb
6911,7085,485,379,1,NULL,NULL,17,fb
6910,7084,598,446,2,NULL,NULL,22,fb
6909,7083,798,604,7,4,NULL,NULL,fb
6908,7082,998,733,11,1,6,42,fb
6907,7081,719,552,5,NULL,1,38,fb
6906,7080,417,312,3,NULL,NULL,11,fb
6905,7079,465,355,4,NULL,1,8,fb
6904,7078,542,411,4,2,NULL,13,fb
6903,7077,519,395,3,NULL,NULL,NULL,fb
6902,7076,644,509,2,1,NULL,52,fb
6901,7075,233,187,3,1,NULL,NULL,fb
6900,7074,979,692,5,1,7,48,fb
6899,7073,998,724,2,1,NULL,131,fb
6898,7072,387,310,1,NULL,NULL,8,fb
6897,7071,503,393,1,1,1,10,fb
6896,7070,704,524,6,3,1,NULL,fb
6895,7069,203,156,1,NULL,NULL,NULL,fb
6894,7068,705,537,2,1,NULL,32,fb
6893,7067,586,443,3,NULL,3,23,fb
6892,7066,542,391,2,NULL,NULL,20,fb
6891,7065,457,362,4,1,1,8,fb
6890,7064,426,335,1,NULL,1,10,fb
6889,7063,352,280,4,NULL,NULL,6,fb
6888,7062,1446,1064,20,6,2,NULL,fb
6887,7061,698,506,NULL,NULL,NULL,58,fb
6886,7060,415,314,2,NULL,NULL,14,fb
6885,7059,434,333,4,NULL,NULL,7,fb
6884,7058,451,346,2,NULL,NULL,14,fb
6883,7057,544,424,2,NULL,1,11,fb
6882,7056,427,327,7,NULL,NULL,8,fb
6881,7055,807,589,3,1,1,27,fb
6880,7054,425,308,2,NULL,NULL,12,fb
6879,7053,867,604,6,1,5,23,fb
6878,7052,573,426,2,NULL,NULL,28,fb
6877,7051,345,268,2,NULL,NULL,6,fb
6876,7050,611,478,4,NULL,NULL,30,fb
6875,7049,549,418,3,NULL,NULL,31,fb
6874,7048,276,227,1,NULL,NULL,3,fb
6873,7047,1232,870,16,1,2,98,fb
6872,7046,374,284,1,NULL,NULL,11,fb
6871,7045,553,409,2,NULL,1,19,fb
6870,7044,513,395,2,NULL,1,12,fb
6869,7043,322,252,1,NULL,NULL,2,fb
6868,7042,459,341,1,NULL,NULL,19,fb
6867,7041,592,438,9,NULL,NULL,22,fb
6866,7040,360,262,5,NULL,NULL,4,fb
6865,7039,721,550,10,2,NULL,NULL,fb
6864,7038,780,560,9,1,NULL,38,fb
6863,7037,964,693,5,1,2,48,fb
6862,7036,1102,814,5,2,1,59,fb
6861,7035,545,409,8,NULL,NULL,12,fb
6860,7034,505,375,4,NULL,NULL,10,fb
6859,7033,640,481,8,NULL,NULL,NULL,fb
6858,7032,349,273,NULL,NULL,NULL,7,fb
6857,7031,726,526,6,1,NULL,27,fb
6856,7030,447,348,1,NULL,NULL,11,fb
6855,7029,350,269,NULL,NULL,NULL,14,fb
6854,7028,432,323,4,NULL,NULL,8,fb
6853,7027,483,359,1,NULL,NULL,8,fb
6852,7026,992,727,10,2,NULL,NULL,fb
6851,7025,833,616,6,5,NULL,37,fb
6850,7024,508,379,4,1,NULL,21,fb
6849,7023,451,341,2,NULL,2,2,fb
6848,7022,199,163,2,NULL,NULL,2,fb
6847,7021,419,338,2,NULL,1,22,fb
6846,7020,283,223,3,NULL,NULL,10,fb
6845,7019,805,613,19,1,NULL,NULL,fb
6844,7018,686,504,3,1,4,55,fb
6843,7017,736,555,9,2,2,NULL,fb
6842,7016,813,589,6,1,1,NULL,fb
6841,7015,491,374,4,NULL,NULL,8,fb
6840,7014,453,333,8,NULL,NULL,12,fb
6839,7013,696,506,9,NULL,1,20,fb
6838,7012,388,283,8,NULL,NULL,12,fb
6837,7011,755,579,5,NULL,NULL,NULL,fb
6836,7010,742,537,13,NULL,NULL,46,fb
6835,7009,295,223,2,NULL,NULL,3,fb
6834,7008,491,356,3,NULL,NULL,22,fb
6833,7007,245,185,1,NULL,NULL,3,fb
6832,7006,310,245,2,NULL,NULL,7,fb
6831,7005,437,331,6,NULL,NULL,26,fb
6830,7004,665,526,4,NULL,1,NULL,fb
6829,7003,307,236,2,NULL,NULL,6,fb
6828,7002,300,236,3,NULL,NULL,9,fb
6827,7001,340,267,3,NULL,NULL,10,fb
6826,7000,522,387,NULL,NULL,NULL,37,fb
6825,6999,268,207,1,NULL,NULL,1,fb
6824,6998,393,316,2,NULL,NULL,14,fb
6823,6997,273,206,1,NULL,NULL,2,fb
6822,6996,885,668,3,NULL,NULL,NULL,fb
6821,6995,344,255,9,NULL,NULL,5,fb
6820,6994,385,294,5,NULL,NULL,12,fb
6819,6993,534,393,8,NULL,NULL,24,fb
6818,6992,330,250,6,NULL,NULL,10,fb
6817,6991,536,407,9,NULL,2,22,fb
6816,6990,291,217,2,NULL,NULL,10,fb
6815,6989,540,403,10,NULL,1,19,fb
6814,6988,762,559,6,1,3,31,fb
6813,6987,978,731,24,2,NULL,NULL,fb
6812,6986,264,193,1,NULL,NULL,2,fb
6811,6985,501,359,11,1,NULL,17,fb
6810,6984,287,217,1,NULL,1,9,fb
6809,6983,354,287,5,1,NULL,9,fb
6808,6982,455,342,9,NULL,NULL,7,fb
6807,6981,367,269,1,NULL,NULL,14,fb
6806,6980,425,324,2,NULL,NULL,10,fb
6805,6979,621,489,3,2,1,NULL,fb
6804,6978,414,314,6,NULL,NULL,NULL,fb
6803,6977,428,326,3,NULL,1,5,fb
6802,6976,683,515,4,NULL,3,20,fb
6801,6975,1147,778,23,4,NULL,51,fb
6800,6974,748,559,14,NULL,NULL,100,fb
6799,6973,461,348,4,1,NULL,8,fb
6798,6972,685,518,4,1,NULL,27,fb
6797,6971,965,737,12,4,NULL,NULL,fb
6796,6970,364,261,6,NULL,NULL,3,fb
6795,6969,807,561,13,1,NULL,68,fb
6794,6968,360,271,NULL,NULL,NULL,15,fb
6793,6967,583,428,5,1,NULL,69,fb
6792,6966,953,685,3,2,2,41,fb
6791,6965,443,335,NULL,1,2,NULL,fb
6790,6964,310,226,2,1,NULL,10,fb
6789,6963,995,743,17,1,2,NULL,fb
6788,6962,433,335,1,NULL,NULL,10,fb
6787,6961,256,194,NULL,NULL,NULL,5,fb
6786,6960,308,234,1,NULL,NULL,4,fb
6785,6959,223,164,NULL,NULL,NULL,2,fb
6784,6958,350,276,2,NULL,NULL,10,fb
6783,6957,317,247,3,NULL,NULL,14,fb
6782,6956,293,220,3,NULL,NULL,9,fb
6781,6955,1161,858,15,2,1,NULL,fb
6780,6954,523,390,2,NULL,NULL,27,fb
6779,6953,680,495,2,1,3,27,fb
6778,6952,399,307,5,NULL,NULL,6,fb
6777,6951,440,327,2,NULL,1,19,fb
6776,6950,327,253,3,NULL,1,7,fb
6775,6949,275,206,NULL,NULL,NULL,3,fb
6774,6948,336,263,5,NULL,NULL,5,fb
6773,6947,657,474,1,NULL,NULL,NULL,fb
6772,6946,544,409,2,1,NULL,35,fb
6771,6945,693,517,16,NULL,NULL,20,fb
6770,6944,457,331,1,NULL,NULL,24,fb
6769,6943,227,172,1,NULL,NULL,2,fb
6768,6942,352,265,2,NULL,1,1,fb
6767,6941,315,227,2,NULL,NULL,5,fb
6766,6940,562,425,6,1,1,17,fb
6765,6939,388,284,1,NULL,NULL,14,fb
6764,6938,299,223,1,NULL,NULL,10,fb
6763,6937,570,434,5,NULL,2,14,fb
6762,6936,278,225,5,NULL,NULL,3,fb
6761,6935,1202,835,11,7,NULL,2,fb
6760,6934,247,203,NULL,NULL,NULL,3,fb
6759,6933,335,259,NULL,NULL,NULL,11,fb
6758,6932,509,397,2,2,NULL,27,fb
6757,6931,334,269,1,NULL,NULL,4,fb
6756,6930,336,275,1,NULL,NULL,11,fb
6755,6929,441,319,6,NULL,NULL,21,fb
6754,6928,732,534,7,1,3,48,fb
6753,6927,639,490,3,NULL,NULL,41,fb
6752,6926,1131,814,23,6,NULL,NULL,fb
6751,6925,240,194,1,NULL,NULL,3,fb
6750,6924,585,451,1,NULL,NULL,25,fb
6749,6923,641,479,5,NULL,1,22,fb
6748,6922,602,450,4,NULL,2,13,fb
6747,6921,479,377,8,NULL,NULL,14,fb
6746,6920,446,341,3,NULL,NULL,11,fb
6745,6919,491,371,6,NULL,1,NULL,fb
6744,6918,561,438,2,NULL,1,18,fb
6743,6917,705,516,16,1,NULL,16,fb
6742,6916,260,208,1,NULL,NULL,4,fb
6741,6915,642,455,11,2,1,8,fb
6740,6914,787,581,4,2,NULL,25,fb
6739,6913,628,460,1,NULL,NULL,30,fb
6738,6912,428,316,3,NULL,NULL,13,fb
6737,6911,403,306,4,NULL,NULL,3,fb
6736,6910,429,307,2,1,NULL,8,fb
6735,6909,459,350,2,NULL,1,3,fb
6734,6908,542,400,4,NULL,1,6,fb
6733,6907,299,234,2,NULL,NULL,1,fb
6732,6906,580,433,5,1,NULL,NULL,fb
6731,6905,408,309,NULL,NULL,NULL,8,fb
6730,6904,592,461,7,1,NULL,11,fb
6729,6903,865,649,3,2,5,20,fb
6728,6902,377,301,1,NULL,NULL,4,fb
6727,6901,800,607,11,NULL,NULL,48,fb
6726,6900,550,435,1,1,NULL,18,fb
6725,6899,984,743,19,5,1,27,fb
6724,6898,793,620,2,NULL,NULL,46,fb
6723,6897,497,369,9,NULL,1,6,fb
6722,6896,702,515,5,1,NULL,18,fb
6721,6895,942,692,16,NULL,2,33,fb
6720,6894,631,474,4,NULL,1,20,fb
6719,6893,535,436,8,NULL,1,14,fb
6718,6892,915,704,8,1,3,NULL,fb
6717,6891,252,187,NULL,NULL,NULL,1,fb
6716,6890,660,478,10,NULL,1,19,fb
6715,6889,472,353,1,NULL,NULL,14,fb
6714,6888,570,404,11,NULL,3,9,fb
6713,6887,520,396,2,NULL,NULL,19,fb
6712,6886,626,480,10,NULL,3,24,fb
6711,6885,622,485,12,1,NULL,NULL,fb
6710,6884,529,397,1,NULL,NULL,18,fb
6709,6883,674,513,7,NULL,NULL,36,fb
6708,6882,516,392,6,NULL,NULL,24,fb
6707,6881,454,344,8,NULL,NULL,15,fb
6706,6880,315,246,NULL,NULL,NULL,3,fb
6705,6879,284,222,1,NULL,NULL,1,fb
6704,6878,712,560,10,2,2,17,fb
6703,6877,617,475,18,NULL,NULL,NULL,fb
6702,6876,596,461,7,2,1,20,fb
6701,6875,432,327,5,NULL,NULL,8,fb
6700,6874,779,583,5,NULL,NULL,61,fb
6699,6873,649,457,5,NULL,NULL,29,fb
6698,6872,515,390,9,2,1,10,fb
6697,6871,621,469,3,NULL,NULL,33,fb
6696,6870,880,685,10,4,NULL,NULL,fb
6695,6869,657,484,13,1,NULL,22,fb
6694,6868,623,488,4,NULL,1,18,fb
6693,6867,402,292,4,NULL,1,2,fb
6692,6866,770,585,7,NULL,NULL,45,fb
6691,6865,474,369,6,NULL,NULL,15,fb
6690,6864,325,247,2,NULL,NULL,5,fb
6689,6863,257,198,1,NULL,NULL,2,fb
6688,6862,565,423,4,2,NULL,NULL,fb
6687,6861,561,414,4,1,1,11,fb
6686,6860,360,291,4,NULL,NULL,6,fb
6685,6859,784,587,10,1,NULL,42,fb
6684,6858,361,281,5,NULL,NULL,6,fb
6683,6857,814,601,10,2,NULL,36,fb
6682,6856,413,321,2,NULL,NULL,11,fb
6681,6855,459,340,4,NULL,NULL,14,fb
6680,6854,542,406,3,1,NULL,8,fb
6679,6853,831,620,3,1,1,NULL,fb
223,223,441,336,3,NULL,NULL,3,fb
222,222,354,272,3,1,NULL,NULL,fb
221,221,1690,1269,25,7,NULL,NULL,fb
220,220,363,287,7,NULL,NULL,NULL,fb
219,219,595,463,6,NULL,NULL,29,fb
218,218,444,349,6,NULL,NULL,NULL,fb
217,217,441,348,4,NULL,NULL,6,fb
216,216,434,333,5,NULL,NULL,NULL,fb
215,215,600,446,12,NULL,3,NULL,fb
214,214,617,470,11,1,NULL,7,fb
213,213,624,478,8,NULL,1,NULL,fb
212,212,297,215,3,NULL,NULL,3,fb
211,211,379,293,7,1,NULL,3,fb
210,210,504,387,4,NULL,NULL,27,fb
209,209,481,377,3,NULL,NULL,9,fb
208,208,580,434,7,NULL,2,3,fb
207,207,612,433,3,NULL,3,NULL,fb
206,206,294,228,4,NULL,NULL,4,fb
205,205,491,372,14,NULL,2,NULL,fb
379,424,23687,12954,663,0,13,,ig
378,423,21903,11907,549,0,29,,ig
377,422,16267,12209,455,0,9,,ig
376,421,22211,12742,543,0,18,,ig
375,420,12794,9578,261,0,6,,ig
374,419,13168,6862,244,0,1,,ig
373,418,14998,10954,235,0,20,,ig
372,417,16197,8236,307,0,8,,ig
371,416,19314,10029,465,0,34,,ig
370,415,17311,8581,373,0,9,,ig
369,414,19978,10961,577,0,13,,ig
368,413,15877,7876,230,0,6,,ig
367,412,13260,10626,260,0,3,,ig
366,411,18769,14533,660,0,2,,ig
365,410,13586,10419,151,0,17,,ig
364,409,20754,10831,441,0,21,,ig
363,408,18990,10178,455,0,2,,ig
362,407,22149,11483,413,0,35,,ig
361,406,13293,10110,348,0,5,,ig
360,405,18319,13813,641,0,12,,ig
359,404,15966,8526,325,0,7,,ig
358,403,22769,16360,620,0,33,,ig
357,402,13850,6792,200,0,1,,ig
356,401,12664,9122,242,0,5,,ig
355,400,14156,7689,290,0,5,,ig
354,399,14754,10751,252,0,20,,ig
353,398,22138,12555,331,0,32,,ig
352,397,21558,16993,684,0,15,,ig
351,396,16671,8264,355,0,4,,ig
350,395,19217,15893,236,0,7,,ig
349,394,14480,7596,279,0,6,,ig
348,393,12030,8885,244,0,8,,ig
347,392,23046,16982,972,0,19,,ig
346,391,26581,13689,521,0,41,,ig
345,390,15382,12099,547,0,13,,ig
344,389,22622,15758,342,0,40,,ig
343,388,16125,7922,337,0,3,,ig
342,387,23613,17543,880,0,5,,ig
341,386,23754,19468,623,0,3,,ig
340,385,11570,8519,209,0,4,,ig
339,384,11182,7978,147,0,9,,ig
338,383,16946,8834,370,0,2,,ig
337,382,15668,11105,416,0,3,,ig
336,381,16793,12176,396,0,19,,ig
335,380,24395,11951,328,0,25,,ig
334,379,19743,15307,701,0,7,,ig
333,378,19932,11000,470,0,8,,ig
332,377,20020,15239,637,0,23,,ig
331,376,14936,7656,259,0,2,,ig
330,375,16345,8795,295,0,16,,ig
329,374,13217,9806,272,0,9,,ig
328,373,20161,11350,516,0,12,,ig
327,372,12933,9726,224,0,11,,ig
326,371,20674,10578,380,0,45,,ig
325,370,17307,12826,440,0,24,,ig
324,369,15762,8835,294,0,6,,ig
323,368,10075,7658,213,0,8,,ig
322,367,14793,10981,358,0,21,,ig
321,366,16081,11586,398,0,35,,ig
320,365,17154,12663,314,0,46,,ig
319,364,16376,8071,321,0,5,,ig
318,363,17535,8816,490,0,4,,ig
317,362,15600,11674,368,0,27,,ig
316,361,14938,11106,310,0,14,,ig
315,360,23253,12848,740,0,37,,ig
314,359,15732,8167,343,0,3,,ig
313,358,13815,10438,445,0,10,,ig
312,357,16816,12522,456,0,16,,ig
311,356,13092,9679,456,0,2,,ig
310,355,22475,11729,641,0,38,,ig
309,354,11155,8399,218,0,1,,ig
308,353,15672,8387,264,0,8,,ig
307,352,17174,12335,526,0,23,,ig
306,351,12424,8928,181,0,18,,ig
305,350,13327,6860,318,0,1,,ig
304,349,16740,8588,225,0,12,,ig
303,348,17078,12406,127,0,10,,ig
302,347,14550,10767,119,0,24,,ig
301,346,43334,24070,1179,0,58,,ig
300,345,20520,10885,527,0,10,,ig
299,344,12991,6502,200,0,2,,ig
298,343,12017,9288,277,0,16,,ig
297,342,15042,10794,228,0,19,,ig
296,341,12221,9316,346,0,4,,ig
295,340,22916,11988,519,0,25,,ig
294,339,24313,18634,544,0,12,,ig
293,338,24562,13247,508,0,14,,ig
292,337,38222,20073,749,0,24,,ig
291,336,25513,17972,678,0,10,,ig
290,335,18396,13630,542,0,4,,ig
289,334,31316,17059,700,0,12,,ig
288,333,13897,10240,204,0,1,,ig
287,332,18895,9709,389,0,3,,ig
286,331,10462,7966,155,0,0,,ig
285,330,22721,12444,212,0,14,,ig
284,329,28916,17169,824,0,17,,ig
283,328,16366,8660,295,0,9,,ig
282,327,19475,9675,242,0,20,,ig
281,326,24689,13243,586,0,18,,ig
280,325,17508,13328,193,0,22,,ig
279,324,12092,8984,322,0,9,,ig
278,323,14558,10602,378,0,19,,ig
277,322,19226,14699,403,0,30,,ig
276,321,16550,12781,198,0,19,,ig
275,320,23542,18408,458,0,19,,ig
274,319,13348,10298,188,0,5,,ig
273,318,12811,9788,169,0,3,,ig
272,317,13932,10663,278,0,5,,ig
271,316,13172,10012,193,0,6,,ig
270,315,16577,12671,407,0,7,,ig
269,314,12416,9809,290,0,17,,ig
268,313,14724,11346,253,0,10,,ig
267,312,16332,12511,314,0,10,,ig
266,311,12687,6249,134,0,0,,ig
265,310,21925,16358,260,0,45,,ig
264,309,11305,9033,91,0,3,,ig
263,308,14153,11132,152,0,4,,ig
262,307,18601,14305,250,0,24,,ig
5885,5884,1641,578,0,0,0,5,ok
5884,5883,1731,627,1,0,0,6,ok
5883,5882,1799,651,3,0,0,1,ok
5882,5881,1758,659,4,0,0,5,ok
5881,5880,1638,571,1,0,0,3,ok
5880,5879,1693,607,0,0,0,2,ok
5879,5878,1607,616,3,0,0,2,ok
5878,5877,1496,564,1,0,0,5,ok
5877,5876,1382,533,1,0,0,2,ok
5876,5875,1140,402,2,0,0,3,ok
5875,5874,1183,413,0,0,0,2,ok
5874,5873,1252,460,3,0,0,3,ok
5873,5872,1247,445,0,0,0,4,ok
5872,5871,1342,522,4,0,0,0,ok
5871,5870,1158,443,1,0,0,9,ok
5870,5869,1352,527,3,0,0,4,ok
5869,5868,1206,462,0,0,0,1,ok
5868,5867,1274,486,0,0,0,10,ok
5867,5866,1273,486,1,0,0,4,ok
5866,5865,1310,463,1,0,0,5,ok
5865,5864,1342,502,0,0,0,0,ok
5864,5863,1231,442,0,0,0,0,ok
5863,5862,1269,470,0,0,0,4,ok
5862,5861,1272,468,2,0,0,3,ok
5861,5860,1316,487,0,0,0,2,ok
5860,5859,1340,517,2,0,0,4,ok
5859,5858,1336,487,0,0,0,4,ok
5858,5857,1416,527,3,0,0,0,ok
5857,5856,1475,566,1,0,0,0,ok
5856,5855,1354,489,1,0,0,5,ok
5855,5854,1338,463,0,0,0,3,ok
5854,5853,1379,497,1,0,0,3,ok
5853,5852,1485,542,2,0,0,7,ok
5852,5851,1465,489,1,0,0,6,ok
5851,5850,1559,550,0,0,0,4,ok
5850,5849,1439,495,1,0,0,1,ok
5849,5848,1505,533,1,0,0,1,ok
5848,5847,1487,532,0,0,0,5,ok
5847,5846,1562,538,0,0,0,2,ok
5846,5845,1499,517,0,0,0,0,ok
5845,5844,1442,505,0,0,0,1,ok
5844,5843,1555,571,0,0,0,0,ok
5843,5842,1545,543,0,0,0,3,ok
5842,5841,1581,585,1,0,0,4,ok
5841,5840,1449,566,0,0,0,0,ok
5840,5839,1427,542,0,0,0,3,ok
5839,5838,1521,578,0,0,1,3,ok
5838,5837,1422,575,3,0,0,9,ok
5837,5836,1334,517,0,0,0,3,ok
5836,5835,1230,481,2,0,0,4,ok
5835,5834,1332,490,3,0,0,6,ok
5834,5833,1257,474,2,0,0,3,ok
5833,5832,1290,520,0,0,0,3,ok
5832,5831,1374,532,0,0,0,6,ok
5831,5830,1401,540,1,0,0,4,ok
5830,5829,1321,518,3,0,0,4,ok
5829,5828,1290,508,0,0,0,0,ok
5828,5827,1405,559,0,0,0,3,ok
5827,5826,1335,527,0,0,0,4,ok
5826,5825,1504,589,1,0,0,2,ok
5825,5824,1628,645,1,0,0,2,ok
5824,5823,1566,590,0,0,0,4,ok
5823,5822,1416,542,0,0,0,0,ok
5822,5821,1511,542,0,0,0,3,ok
5821,5820,1709,561,0,0,0,1,ok
5820,5819,1779,576,0,0,0,3,ok
5819,5818,1822,580,0,0,0,2,ok
5818,5817,1996,643,1,0,0,3,ok
5817,5816,2348,729,3,0,0,5,ok
5816,5815,2224,678,0,0,0,6,ok
5815,5814,2209,598,1,1,0,5,ok
5814,5813,2271,621,1,0,0,5,ok
5813,5812,2298,599,1,0,0,9,ok
5812,5811,2445,682,2,0,0,7,ok
5811,5810,2543,705,0,1,0,5,ok
5810,5809,2585,734,0,0,0,5,ok
5809,5808,2502,711,0,0,0,10,ok
5808,5807,2438,657,0,0,0,1,ok
5807,5806,2538,721,1,0,0,6,ok
5806,5805,2496,668,1,0,0,0,ok
5805,5804,2709,734,0,0,1,11,ok
5804,5803,2720,746,1,0,0,3,ok
5803,5802,2885,795,0,0,0,12,ok
5802,5801,2611,668,1,0,0,3,ok
5801,5800,2891,744,1,0,0,3,ok
5800,5799,2908,732,0,0,0,8,ok
5799,5798,2901,740,1,0,0,2,ok
5798,5797,2875,732,3,0,0,3,ok
5797,5796,2438,537,3,0,0,2,ok
5796,5795,2572,568,0,1,0,5,ok
5795,5794,2688,589,4,0,1,3,ok
5794,5793,2759,634,4,0,0,9,ok
5793,5792,2638,575,1,0,0,3,ok
5792,5791,2777,592,3,0,0,7,ok
5791,5790,2761,589,0,0,0,10,ok
5790,5789,2470,507,1,0,0,4,ok
5789,5788,2457,512,0,0,0,7,ok
5788,5787,2636,543,0,0,0,3,ok
5787,5786,2682,589,1,0,0,1,ok
5786,5785,2685,552,0,0,0,4,ok
5785,5784,2576,599,7,0,0,0,ok
5784,5783,2526,612,3,0,0,4,ok
5783,5782,2929,732,5,2,0,3,ok
5782,5781,2520,666,7,0,0,0,ok
5781,5780,2169,510,1,1,0,4,ok
5780,5779,2201,523,1,1,0,1,ok
5779,5778,2320,561,1,0,0,2,ok
5778,5777,3680,1431,2,0,0,1,ok
5777,5776,20946,17451,4,0,0,0,ok
5776,5775,5009,2332,7,1,0,0,ok
5775,5774,5179,2195,11,2,0,0,ok
5774,5773,4148,1687,2,0,0,0,ok
5773,5772,4117,1774,3,0,0,5,ok
5772,5771,4742,2097,10,1,0,0,ok
5771,5770,4023,1627,5,0,0,0,ok
5770,5769,2351,573,0,0,0,0,ok
5769,5768,5673,2804,20,3,1,0,ok
5768,5767,4019,1584,6,0,0,3,ok
5767,5766,4879,2044,7,0,1,0,ok
5766,5765,3880,1672,1,0,1,0,ok
5765,5764,2211,478,1,0,0,1,ok
5764,5763,2227,520,0,0,0,3,ok
5763,5762,3816,1435,1,0,0,7,ok
5762,5761,3866,1515,3,0,0,2,ok
5761,5760,3895,1456,1,0,1,0,ok
4545,4544,1365,486,2,0,1,7,ok
4544,4543,1249,434,1,0,0,2,ok
4543,4542,1303,451,2,0,0,0,ok
4542,4541,1294,428,2,0,0,0,ok
4541,4540,1305,448,1,0,0,3,ok
4540,4539,1326,435,2,0,0,4,ok
4539,4538,1843,649,12,2,0,0,ok
4538,4537,1393,476,4,1,0,15,ok
4537,4536,1441,532,6,1,0,0,ok
4536,4535,1576,587,10,0,0,0,ok
4535,4534,1159,395,1,0,0,6,ok
4534,4533,1202,405,1,0,0,2,ok
4533,4532,1349,470,5,0,0,11,ok
4532,4531,1214,426,1,0,0,1,ok
4531,4530,1304,495,0,0,0,0,ok
4530,4529,1117,407,1,0,0,7,ok
4529,4528,1118,425,1,0,0,2,ok
4528,4527,1112,437,2,0,0,2,ok
4527,4526,1179,419,2,0,0,2,ok
4526,4525,1335,484,3,0,0,1,ok
4525,4524,1244,457,1,0,0,5,ok
4524,4523,1362,518,3,0,0,0,ok
4523,4522,1195,465,2,0,0,1,ok
4522,4521,1329,505,2,0,0,4,ok
4521,4520,1301,460,2,0,0,5,ok
4520,4519,1253,470,2,0,0,5,ok
4519,4518,1292,474,1,0,0,2,ok
4518,4517,1367,517,3,0,0,2,ok
4517,4516,1336,517,1,0,0,0,ok
4516,4515,1268,445,1,0,0,1,ok
4515,4514,1238,462,1,0,0,3,ok
4514,4513,1298,478,4,0,0,8,ok
4513,4512,1360,490,1,0,0,5,ok
4512,4511,1339,487,1,0,0,6,ok
4511,4510,1373,507,2,0,0,3,ok
4510,4509,1381,494,4,0,0,8,ok
4509,4508,1411,495,2,0,0,13,ok
4508,4507,1641,587,5,0,0,0,ok
4507,4506,1374,502,2,0,0,2,ok
4506,4505,1360,474,1,0,0,3,ok
4505,4504,1435,512,0,0,1,2,ok
4504,4503,1538,562,6,1,0,2,ok
4503,4502,1427,495,2,1,0,2,ok
4502,4501,1386,481,1,0,0,0,ok
4501,4500,1470,510,1,0,0,5,ok
4500,4499,1682,653,4,1,0,0,ok
4499,4498,1469,513,6,0,0,0,ok
4498,4497,1528,554,2,0,0,1,ok
4497,4496,1333,481,1,0,0,7,ok
4496,4495,1296,474,1,0,0,2,ok
4495,4494,1347,471,1,0,0,6,ok
4494,4493,1183,423,1,0,0,2,ok
4493,4492,1220,459,3,1,0,4,ok
4492,4491,1226,463,2,0,0,0,ok
4491,4490,1109,420,2,0,0,0,ok
4490,4489,1087,369,2,0,0,4,ok
4489,4488,1151,420,2,0,0,3,ok
4488,4487,1149,407,4,0,0,17,ok
4487,4486,1168,419,3,0,0,9,ok
4486,4485,1171,417,1,0,0,2,ok
4485,4484,1123,410,1,0,0,0,ok
4484,4483,1628,660,13,1,0,0,ok
4483,4482,1056,398,1,0,0,1,ok
4482,4481,1062,416,3,0,0,5,ok
4481,4480,1019,404,1,0,0,3,ok
4480,4479,1029,414,1,0,0,1,ok
4479,4478,1061,411,1,0,0,5,ok
4478,4477,1159,473,2,0,0,5,ok
4477,4476,1207,497,2,0,0,2,ok
4476,4475,1744,740,27,2,0,0,ok
4475,4474,1125,454,1,0,0,1,ok
4474,4473,1170,460,2,0,0,4,ok
4473,4472,1127,440,2,0,0,1,ok
4472,4471,1144,420,2,0,0,0,ok
4471,4470,1143,442,1,0,0,3,ok
4470,4469,1188,474,3,0,0,4,ok
4469,4468,1180,466,1,0,0,1,ok
4468,4467,1258,486,2,0,0,0,ok
4467,4466,1267,426,2,0,0,2,ok
4466,4465,1259,455,3,0,0,4,ok
4465,4464,1226,449,3,0,0,6,ok
4464,4463,1179,420,1,0,0,0,ok
4463,4462,1212,474,2,0,0,1,ok
4462,4461,1254,510,2,0,0,1,ok
4461,4460,1242,471,2,0,0,4,ok
4460,4459,1326,489,1,0,0,1,ok
4459,4458,1365,530,4,1,0,10,ok
4458,4457,1466,545,3,0,1,0,ok
4457,4456,1299,482,2,0,0,5,ok
4456,4455,1433,528,3,0,0,8,ok
4455,4454,1436,522,3,0,0,0,ok
4454,4453,1748,701,14,0,0,0,ok
4453,4452,1456,545,1,0,0,1,ok
4452,4451,1553,603,3,0,0,0,ok
4451,4450,1572,605,4,0,0,5,ok
4450,4449,1483,571,3,0,0,2,ok
4449,4448,1452,549,2,0,0,1,ok
4448,4447,1532,629,2,0,0,4,ok
4447,4446,1570,664,3,0,0,6,ok
4446,4445,1377,576,1,0,0,9,ok
4445,4444,1780,778,9,0,2,0,ok
4444,4443,1269,543,1,0,0,2,ok
4443,4442,1359,549,2,0,0,11,ok
4442,4441,1364,562,1,0,0,2,ok
4441,4440,1380,562,2,0,0,3,ok
4440,4439,1453,592,2,0,0,4,ok
4439,4438,1420,575,1,0,0,1,ok
4438,4437,1555,638,1,0,0,0,ok
4437,4436,1542,605,1,1,0,1,ok
4436,4435,1631,636,4,1,0,2,ok
4435,4434,1770,638,1,1,0,3,ok
4434,4433,1599,580,1,0,0,1,ok
4433,4432,1652,614,2,0,0,5,ok
4432,4431,1617,601,2,0,0,14,ok
4431,4430,1469,517,4,0,0,0,ok
4430,4429,1528,569,2,0,0,4,ok
4429,4428,1477,533,1,0,0,2,ok
4428,4427,1658,585,2,0,0,0,ok
4427,4426,1659,601,1,0,1,1,ok
4426,4425,1653,599,4,0,0,3,ok
4425,4424,1883,711,6,1,0,0,ok
4424,4423,1645,594,2,1,0,3,ok
4423,4422,1561,538,2,0,0,1,ok
4422,4421,1594,568,2,0,0,8,ok
4421,4420,1551,543,0,0,0,1,ok
4420,4419,1432,503,4,0,0,3,ok
4419,4418,1417,513,2,0,0,4,ok
4418,4417,1429,513,1,0,0,8,ok
4417,4416,1288,462,1,0,0,3,ok
4416,4415,1266,448,0,0,0,2,ok
4415,4414,1096,374,0,0,0,3,ok
4414,4413,1106,396,2,0,0,6,ok
4413,4412,1186,419,2,0,0,7,ok
4412,4411,1158,388,0,0,0,1,ok
4411,4410,1530,549,13,1,0,0,ok
4410,4409,1011,352,0,0,0,0,ok
4409,4408,1095,367,1,0,0,3,ok
4408,4407,1065,366,1,0,0,1,ok
4407,4406,1078,372,1,0,0,1,ok
4406,4405,1109,402,0,0,0,2,ok
4405,4404,1165,392,0,0,0,4,ok
4404,4403,1400,523,8,0,0,0,ok
4403,4402,1100,405,1,0,0,0,ok
4402,4401,1107,395,1,0,0,4,ok
4401,4400,1100,369,0,0,0,0,ok
4400,4399,1159,380,1,0,0,2,ok
4399,4398,1165,404,1,0,0,0,ok
4398,4397,1202,435,1,0,0,1,ok
4397,4396,1290,473,5,0,0,4,ok
4396,4395,1395,507,6,0,0,0,ok
4395,4394,1289,449,0,1,1,1,ok
4394,4393,1189,390,3,0,0,3,ok
4393,4392,1146,396,3,0,0,5,ok
4392,4391,1113,386,2,0,0,3,ok
4391,4390,1166,396,2,0,1,1,ok
4390,4389,1179,402,2,0,0,3,ok
4389,4388,1338,474,0,1,0,0,ok
4388,4387,1194,388,3,0,0,1,ok
4387,4386,1143,367,0,0,0,2,ok
4386,4385,1200,382,0,0,0,0,ok
4385,4384,1209,386,1,0,0,4,ok
4384,4383,1280,398,0,0,0,3,ok
4383,4382,1322,435,1,0,0,3,ok
4382,4381,1317,432,2,0,0,2,ok
4381,4380,1446,503,1,0,0,0,ok
4380,4379,1209,401,0,0,0,4,ok
4379,4378,1259,459,2,0,0,0,ok
4378,4377,1271,452,4,0,0,9,ok
4377,4376,1249,435,0,0,0,1,ok
4376,4375,1323,435,0,0,0,6,ok
4375,4374,1296,431,0,0,0,4,ok
4374,4373,1228,407,1,0,0,2,ok
4373,4372,1199,402,0,0,0,3,ok
4372,4371,1369,508,9,0,0,0,ok
4371,4370,1075,356,1,0,0,1,ok
4370,4369,1072,362,2,0,0,0,ok
4369,4368,1048,332,0,0,0,1,ok
4368,4367,1099,346,0,0,0,1,ok
4367,4366,1270,437,3,0,0,0,ok
4366,4365,982,316,0,0,0,2,ok
4365,4364,1038,342,3,0,0,6,ok
4364,4363,1014,331,1,0,0,8,ok
4363,4362,1027,318,0,0,0,4,ok
4362,4361,1017,340,0,0,0,3,ok
4361,4360,1037,349,0,0,0,0,ok
4360,4359,1061,349,0,0,0,4,ok
4359,4358,1082,360,1,0,0,1,ok
4358,4357,1241,451,4,0,0,0,ok
4357,4356,995,334,0,0,1,2,ok
4356,4355,985,317,0,0,0,1,ok
4355,4354,1035,343,1,0,0,7,ok
4354,4353,1051,340,0,0,0,3,ok
4353,4352,1089,386,0,0,0,4,ok
4352,4351,1124,392,0,0,0,1,ok
4351,4350,1210,422,2,0,0,3,ok
4350,4349,1079,379,0,0,0,0,ok
4349,4348,1084,367,1,0,0,4,ok
4348,4347,1043,350,0,0,0,5,ok
4347,4346,1080,376,2,0,0,11,ok
4346,4345,1125,395,1,0,0,2,ok
4345,4344,1064,389,0,0,0,2,ok
4344,4343,1105,377,0,0,0,3,ok
4343,4342,1085,396,1,0,0,0,ok
4342,4341,1209,396,2,0,0,4,ok
4341,4340,1058,385,0,0,0,1,ok
4340,4339,1083,386,0,0,0,3,ok
4339,4338,1101,376,0,0,0,1,ok
4338,4337,1201,416,1,0,0,7,ok
4337,4336,1159,398,0,0,0,4,ok
4336,4335,1173,407,0,0,0,1,ok
4335,4334,1207,429,2,0,0,1,ok
4334,4333,1256,455,1,0,0,2,ok
4333,4332,1324,445,1,0,0,6,ok
4332,4331,1299,442,0,0,0,1,ok
4331,4330,1492,518,5,0,0,0,ok
4330,4329,1494,452,1,0,0,0,ok
4329,4328,1300,434,1,0,0,4,ok
4328,4327,1329,449,1,0,0,4,ok
4327,4326,1399,440,3,0,0,1,ok
4326,4325,1413,478,0,0,0,8,ok
4325,4324,1428,484,1,0,0,6,ok
4324,4323,1425,463,1,0,0,0,ok
4323,4322,1432,478,2,0,0,2,ok
4322,4321,1408,470,0,0,1,5,ok
4321,4320,1373,474,1,0,0,8,ok
4320,4319,1180,416,0,0,0,1,ok
4319,4318,1192,425,2,0,0,2,ok
4318,4317,1290,465,3,0,0,0,ok
4317,4316,1089,379,1,0,0,8,ok
4316,4315,1132,393,0,0,0,4,ok
4315,4314,1093,374,2,0,0,3,ok
4314,4313,1167,380,2,0,0,3,ok
4313,4312,1152,383,2,0,0,1,ok
4312,4311,1224,420,3,0,0,0,ok
4311,4310,1064,328,0,0,0,2,ok
4310,4309,1052,363,1,0,0,1,ok
4309,4308,1086,385,2,0,0,6,ok
4308,4307,1096,369,2,0,0,5,ok
4307,4306,1149,386,0,1,0,2,ok
4306,4305,1116,388,0,0,0,0,ok
4305,4304,1093,366,0,0,0,1,ok
4304,4303,1291,463,2,1,0,0,ok
4303,4302,1034,362,0,0,0,1,ok
4302,4301,1054,370,1,0,0,0,ok
4301,4300,1059,377,0,0,0,1,ok
4300,4299,1132,374,0,0,0,1,ok
4299,4298,1216,414,1,0,0,6,ok
4298,4297,1152,377,0,0,0,4,ok
4297,4296,1394,495,4,0,0,0,ok
4296,4295,1085,373,0,0,0,0,ok
4295,4294,1119,379,0,0,0,0,ok
4294,4293,1162,407,1,0,0,7,ok
4293,4292,1238,442,0,2,0,3,ok
4292,4291,1165,404,2,0,0,3,ok
4291,4290,1157,407,0,0,0,0,ok
4290,4289,1340,489,4,0,0,0,ok
4289,4288,1151,420,2,0,0,3,ok
4288,4287,1195,401,1,0,0,2,ok
4287,4286,1263,422,0,0,0,3,ok
4286,4285,1223,422,0,0,0,2,ok
4285,4284,1314,428,2,0,0,8,ok
4284,4283,1307,451,1,0,0,1,ok
4283,4282,1310,448,1,0,0,2,ok
4282,4281,1380,476,1,0,0,4,ok
4281,4280,1449,512,1,0,0,0,ok
4280,4279,1333,442,0,0,0,7,ok
4279,4278,1363,462,4,0,0,1,ok
4278,4277,1258,462,1,1,0,4,ok
4277,4276,1213,413,2,0,0,4,ok
4276,4275,1236,437,1,0,1,3,ok
4275,4274,1045,355,1,0,0,2,ok
4274,4273,1108,355,3,0,0,4,ok
4273,4272,1084,350,0,0,0,0,ok
4272,4271,1062,345,0,0,0,0,ok
4271,4270,1072,345,1,0,0,3,ok
4270,4269,1167,373,2,0,0,1,ok
4269,4268,1334,478,5,0,0,0,ok
4268,4267,1060,359,0,0,0,3,ok
4267,4266,1011,349,0,0,0,2,ok
4266,4265,1056,362,2,0,0,3,ok
4265,4264,1111,377,0,0,0,8,ok
4264,4263,1179,411,1,0,0,12,ok
4263,4262,1153,407,1,0,0,3,ok
4262,4261,1190,435,1,0,0,4,ok
4261,4260,1296,457,5,0,0,0,ok
4260,4259,1063,352,0,0,0,2,ok
4259,4258,1216,420,1,0,2,3,ok
4258,4257,1129,389,1,0,0,3,ok
4257,4256,1154,386,0,0,0,2,ok
4256,4255,1261,454,5,0,0,4,ok
4255,4254,1497,520,7,1,0,6,ok
4254,4253,1078,385,1,0,0,1,ok
4253,4252,1113,380,1,0,0,2,ok
4252,4251,1109,388,0,0,0,4,ok
4251,4250,1130,399,0,0,0,3,ok
4250,4249,1172,420,1,0,0,2,ok
4249,4248,1257,428,4,0,0,0,ok
4248,4247,1258,407,1,0,0,0,ok
4247,4246,1340,426,3,1,0,2,ok
4246,4245,1485,495,5,0,0,0,ok
4245,4244,1157,416,3,0,0,0,ok
4244,4243,1155,396,2,0,0,0,ok
4243,4242,1214,402,1,0,0,4,ok
4242,4241,1234,429,1,0,0,2,ok
4241,4240,1359,442,1,0,0,5,ok
4240,4239,1296,438,1,0,0,1,ok
4239,4238,1300,449,1,0,0,1,ok
4238,4237,1452,532,11,0,0,0,ok
4237,4236,1278,446,2,0,0,2,ok
4236,4235,1279,432,3,0,0,4,ok
4235,4234,1294,459,2,0,0,2,ok
4234,4233,1450,537,7,0,0,0,ok
4233,4232,1217,428,2,0,1,7,ok
4232,4231,1230,474,3,1,0,4,ok
4231,4230,1170,459,1,0,0,2,ok
4230,4229,1232,434,3,1,0,2,ok
4229,4228,1192,434,2,1,0,5,ok
4228,4227,1236,466,2,0,0,0,ok
4227,4226,1145,407,1,0,0,9,ok
4226,4225,1193,431,2,0,0,0,ok
4225,4224,1266,454,2,0,0,1,ok
4224,4223,1221,438,2,0,0,9,ok
4223,4222,1295,451,3,1,0,2,ok
4222,4221,1270,486,1,0,0,4,ok
4221,4220,1493,540,6,0,0,0,ok
4220,4219,1233,448,2,0,0,3,ok
4219,4218,1244,440,2,0,0,4,ok
4218,4217,1223,446,1,0,0,3,ok
4217,4216,1295,438,3,0,0,2,ok
4216,4215,1370,473,2,0,0,1,ok
4215,4214,1428,507,2,0,0,2,ok
4214,4213,1404,513,3,1,0,2,ok
4213,4212,1220,429,2,0,0,10,ok
4212,4211,1230,445,2,0,0,4,ok
4211,4210,1265,442,2,0,0,2,ok
4210,4209,1339,507,2,0,1,3,ok
4209,4208,1310,449,2,0,0,1,ok
4208,4207,1546,589,6,0,1,1,ok
4207,4206,1316,489,1,0,0,2,ok
4206,4205,1363,505,2,0,0,2,ok
4205,4204,1224,440,1,0,0,3,ok
4204,4203,1231,443,1,0,0,6,ok
4203,4202,1357,503,2,0,0,0,ok
4202,4201,1360,494,1,0,0,4,ok
4201,4200,1333,465,1,0,0,2,ok
4200,4199,1451,503,1,0,0,0,ok
4199,4198,1579,575,4,0,0,11,ok
4198,4197,1297,512,3,0,0,0,ok
4197,4196,1432,552,2,0,0,4,ok
4196,4195,1410,549,4,0,0,4,ok
4195,4194,1429,542,1,0,0,4,ok
4194,4193,1476,578,2,0,0,4,ok
4193,4192,1556,614,2,0,0,9,ok
4192,4191,1541,605,1,0,0,3,ok
4191,4190,1775,725,6,0,0,0,ok
4190,4189,1488,594,1,0,0,8,ok
4189,4188,1541,616,3,0,0,4,ok
4188,4187,1725,707,5,0,1,10,ok
4187,4186,1429,580,1,0,0,2,ok
4186,4185,1481,580,4,0,0,4,ok
4185,4184,1716,709,8,0,1,0,ok
4184,4183,1363,535,0,0,0,4,ok
4183,4182,1362,505,0,0,0,2,ok
4182,4181,1442,525,1,0,0,3,ok
4181,4180,1468,549,1,0,0,5,ok
4180,4179,1719,653,2,1,0,6,ok
4179,4178,1553,576,0,0,0,1,ok
4178,4177,1638,649,4,0,0,0,ok
4177,4176,1522,549,0,0,1,3,ok
4176,4175,1624,589,3,0,0,2,ok
4175,4174,1526,566,1,0,0,3,ok
4174,4173,1545,542,0,0,0,2,ok
4173,4172,1669,614,0,0,1,1,ok
4172,4171,1648,590,0,0,0,2,ok
4171,4170,1780,640,0,0,0,5,ok
